add,location,field,to,task,for,smartcats
implement,task,api,for,smart,cats
please,find,a,way,to,set,up,tensorflow
please,submit,a,report,of,smartcats
please,take,a,look,into,tensorflow
prepare,a,presentation,for,smartcats
can,you,check,how,tensorflow,works
can,you,make,workflow,diagram,for,smartcats
can,you,check,why,task,api,can,not,be,called
can,you,send,me,an,email,about,tensorflow
can,you,build,api,for,report
can,you,summarize,the,api,of,chatterbot
can,you,do,research,for,text,classification
can,you,figure,out,how,tensorflow,trains,data
can,you,try,to,use,tensorflow
can,you,train,data,with,tensorflow
list,all,requirements,for,training,data
please,look,into,facebook,pixel
fix,the,error,for,task,api
i,want,you,to,check,the,error,for,video,upload
of,course
i,will,figure,it,out
i,will,do,it
i,will,process,it
i,will,list,it
i,can,do,it
i,will,try,to,do,it
i,think,i,can,not,be,able,to,do,it
i,will,not,do,it
i,do,not,have,enough,time
i,will,not,figure,it,out
i,will,not,prepare,for,it
sorry
i,do,not,think,i,can,do,it
sorry,i,am,busy,right,now
i,can,not,fix,it
i,am,sorry
i,am,afraid
i,have,another,thing,to,do
i,will,not,do,it
